{"cameraMode":{"drawMode":0,"name":"Shaded","section":"Shading Mode"},"sceneLighting":true,"audioPlay":false,"sceneViewState":{"showFog":true,"showMaterialUpdate":false,"showSkybox":true,"showFlares":true,"showImageEffects":true,"showParticleSystems":true},"in2DMode":false,"pivot":{"x":-1.2349470853805543,"y":1.0641117095947266,"z":0.7584176063537598},"rotation":{"x":0.20772962272167207,"y":0.30923908948898318,"z":-0.06941548734903336,"w":0.9254194498062134},"size":2.1871910095214845,"orthographic":false}