{"cameraMode":{"drawMode":0,"name":"Shaded","section":"Shading Mode"},"sceneLighting":false,"audioPlay":false,"sceneViewState":{"showFog":true,"showMaterialUpdate":false,"showSkybox":true,"showFlares":true,"showImageEffects":true,"showParticleSystems":true},"in2DMode":false,"pivot":{"x":27531.7421875,"y":26640.712890625,"z":-8461.63671875},"rotation":{"x":0.06782063841819763,"y":0.4079972505569458,"z":-0.03042052872478962,"w":0.9099523425102234},"size":10.081254005432129,"orthographic":true}