{"cameraMode":{"drawMode":0,"name":"Shaded","section":"Shading Mode"},"sceneLighting":true,"audioPlay":false,"sceneViewState":{"showFog":true,"showMaterialUpdate":false,"showSkybox":true,"showFlares":true,"showImageEffects":true,"showParticleSystems":true},"in2DMode":false,"pivot":{"x":-1.2349470853805543,"y":1.0641117095947266,"z":4.618417739868164},"rotation":{"x":0.33686563372612,"y":-0.18061017990112306,"z":0.06600940972566605,"w":0.921707272529602},"size":2.8578836917877199,"orthographic":true}