{"cameraMode":{"drawMode":0,"name":"Shaded","section":"Shading Mode"},"sceneLighting":false,"audioPlay":false,"sceneViewState":{"showFog":true,"showMaterialUpdate":false,"showSkybox":true,"showFlares":true,"showImageEffects":true,"showParticleSystems":true},"in2DMode":false,"pivot":{"x":5.396501541137695,"y":0.022378996014595033,"z":12.418330192565918},"rotation":{"x":0.2595255672931671,"y":0.4465199112892151,"z":-0.13709719479084016,"w":0.8452638387680054},"size":1.8584469556808472,"orthographic":true}