{"cameraMode":{"drawMode":0,"name":"Shaded","section":"Shading Mode"},"sceneLighting":true,"audioPlay":false,"sceneViewState":{"showFog":true,"showMaterialUpdate":false,"showSkybox":true,"showFlares":true,"showImageEffects":true,"showParticleSystems":true},"in2DMode":false,"pivot":{"x":-0.69140625,"y":3.329833984375,"z":0.21039581298828126},"rotation":{"x":0.15914861857891084,"y":-0.6942216753959656,"z":0.16173389554023744,"w":0.6830594539642334},"size":2.7772533893585207,"orthographic":true}